feature,dtype,transformer_role,missing_fraction
SDDSRVYR,float64,numeric,0.0
RIDSTATR,float64,numeric,0.0
RIAGENDR,float64,numeric,0.0
RIDAGEYR,float64,numeric,0.0
RIDRETH1,float64,numeric,0.0
RIDRETH3,float64,numeric,0.0
RIDEXMON,float64,numeric,0.07623375385299819
DMDBORN4,float64,numeric,0.0
DMDYRUSZ,float64,numeric,0.8067939877339604
DMDEDUC2,float64,numeric,0.20893577806730432
DMDMARTZ,float64,numeric,0.20893577806730432
SIALANG,float64,numeric,0.0
SIAPROXY,float64,numeric,0.0
SIAINTRP,float64,numeric,0.0
FIALANG,float64,numeric,0.06641456671645111
FIAPROXY,float64,numeric,0.06641456671645111
FIAINTRP,float64,numeric,0.06641456671645111
MIALANG,float64,numeric,0.20003813276557883
MIAPROXY,float64,numeric,0.20003813276557883
MIAINTRP,float64,numeric,0.20003813276557883
AIALANGA,float64,numeric,0.46649083224760873
INDFMPIR,float64,numeric,0.13816772061393753
BMDSTATS,float64,numeric,0.07623375385299819
BMXWT,float64,numeric,0.10028917347230608
BMXHT,float64,numeric,0.11420763290857669
BMXBMI,float64,numeric,0.11617782579681592
BMDBMIC,float64,numeric,0.8263688073977565
BMXLEG,float64,numeric,0.21977183895262004
BMXARML,float64,numeric,0.13432266675140614
BMXARMC,float64,numeric,0.1348946582350885
BMXWAIST,float64,numeric,0.16235024945184148
BMXHIP,float64,numeric,0.25726905843846326
BPAOARM,object,categorical,0.1507515332549493
BPAOCSZ,float64,numeric,0.2453843464997299
BPXOSY1,float64,numeric,0.24694143442753186
BPXODI1,float64,numeric,0.24694143442753186
BPXOSY2,float64,numeric,0.24849852235533382
BPXODI2,float64,numeric,0.24849852235533382
BPXOSY3,float64,numeric,0.25240713082716326
BPXODI3,float64,numeric,0.25240713082716326
BPXOPLS1,float64,numeric,0.31348311036257903
BPXOPLS2,float64,numeric,0.3147542025485398
BPXOPLS3,float64,numeric,0.31802726492738886
LBXGLU,float64,numeric,0.6272522164669992
LBDGLUSI,float64,numeric,0.6272522164669992
LBXGH,float64,numeric,0.24363659474403382
LBXTC,float64,numeric,0.21471924751342591
LBDTCSI,float64,numeric,0.21471924751342591
LBXTR,float64,numeric,0.6344338873176777
LBDTRSI,float64,numeric,0.6344338873176777
LBDLDL,float64,numeric,0.6384060503988052
LBDLDLSI,float64,numeric,0.6384060503988052
LBDLDLM,float64,numeric,0.6384060503988052
LBDLDMSI,float64,numeric,0.6384060503988052
LBDLDLN,float64,numeric,0.6355778702850424
LBDLDNSI,float64,numeric,0.6355778702850424
LBDHDD,float64,numeric,0.21471924751342591
LBDHDDSI,float64,numeric,0.21471924751342591
LBXWBCSI,float64,numeric,0.1538021545012552
LBXLYPCT,float64,numeric,0.1545648098128317
LBXMOPCT,float64,numeric,0.1545648098128317
LBXNEPCT,float64,numeric,0.1545648098128317
LBXEOPCT,float64,numeric,0.1545648098128317
LBXBAPCT,float64,numeric,0.1545648098128317
LBDLYMNO,float64,numeric,0.1545648098128317
LBDMONO,float64,numeric,0.1545648098128317
LBDNENO,float64,numeric,0.1545648098128317
LBDEONO,float64,numeric,0.1545648098128317
LBDBANO,float64,numeric,0.1545648098128317
LBXRBCSI,float64,numeric,0.1538021545012552
LBXHGB,float64,numeric,0.1538021545012552
LBXHCT,float64,numeric,0.1538021545012552
LBXMCVSI,float64,numeric,0.1538021545012552
LBXMC,float64,numeric,0.1538021545012552
LBXMCHSI,float64,numeric,0.1538021545012552
LBXRDW,float64,numeric,0.1538021545012552
LBXPLTSI,float64,numeric,0.1538021545012552
LBXMPSI,float64,numeric,0.1538021545012552
LBXNRBC,float64,numeric,0.15421525946169246
LBXSATSI,float64,numeric,0.2658489306936986
LBDSATLC,float64,numeric,0.2658489306936986
LBXSAL,float64,numeric,0.2655947122565064
LBDSALSI,float64,numeric,0.2655947122565064
LBXSAPSI,float64,numeric,0.2657218214751025
LBXSASSI,float64,numeric,0.2692491022911437
LBXSC3SI,float64,numeric,0.2659124853029966
LBXSBU,float64,numeric,0.2659124853029966
LBDSBUSI,float64,numeric,0.2659124853029966
LBXSCLSI,float64,numeric,0.2657218214751025
LBXSCK,float64,numeric,0.2661984810448378
LBXSCR,float64,numeric,0.2657853760844005
LBDSCRSI,float64,numeric,0.2657853760844005
LBXSGB,float64,numeric,0.2659124853029966
LBDSGBSI,float64,numeric,0.2659124853029966
LBXSGL,float64,numeric,0.2659124853029966
LBDSGLSI,float64,numeric,0.2659124853029966
LBXSGTSI,float64,numeric,0.2658489306936986
LBDSGTLC,float64,numeric,0.2658489306936986
LBXSIR,float64,numeric,0.2658489306936986
LBDSIRSI,float64,numeric,0.2658489306936986
LBXSLDSI,float64,numeric,0.27954494899742605
LBXSOSSI,float64,numeric,0.2659124853029966
LBXSPH,float64,numeric,0.2659124853029966
LBDSPHSI,float64,numeric,0.2659124853029966
LBXSKSI,float64,numeric,0.26657980870062603
LBXSNASI,float64,numeric,0.2657218214751025
LBXSTB,float64,numeric,0.2657853760844005
LBDSTBSI,float64,numeric,0.2660713718262417
LBDSTBLC,float64,numeric,0.2657853760844005
LBXSCA,float64,numeric,0.2659124853029966
LBDSCASI,float64,numeric,0.2659124853029966
LBXSCH,float64,numeric,0.2657853760844005
LBDSCHSI,float64,numeric,0.2657853760844005
LBXSTP,float64,numeric,0.2659124853029966
LBDSTPSI,float64,numeric,0.2659124853029966
LBXSTR,float64,numeric,0.2659124853029966
LBDSTRSI,float64,numeric,0.2659124853029966
LBXSUA,float64,numeric,0.2659124853029966
LBDSUASI,float64,numeric,0.2659124853029966
URXUMA,float64,numeric,0.1386443801836728
URXUMS,float64,numeric,0.1386443801836728
URDUMALC,float64,numeric,0.1386443801836728
URXUCR,float64,numeric,0.138930375925514
URXCRS,float64,numeric,0.138930375925514
URDUCRLC,float64,numeric,0.138930375925514
URDACT,float64,numeric,0.138930375925514
LBXHSCRP,float64,numeric,0.19060027328482
LBDHRPLC,float64,numeric,0.19060027328482
DBQ700,float64,numeric,0.17324986494645525
DBQ197,float64,numeric,0.0
DBQ223A,float64,numeric,0.7085385617591916
DBQ223B,float64,numeric,0.6837522641329562
DBQ229,float64,numeric,0.20893577806730432
DBQ235A,float64,numeric,0.41640980012075374
DBQ235B,float64,numeric,0.41640980012075374
DBQ235C,float64,numeric,0.41640980012075374
DBQ301,float64,numeric,0.5487622739839206
DBQ330,float64,numeric,0.5487622739839206
DBQ360,float64,numeric,0.8307858527439702
DBQ370,float64,numeric,0.8576058978677429
DBD381,float64,numeric,0.8620547205186057
DBQ390,float64,numeric,0.8858876990053703
DBQ400,float64,numeric,0.8576058978677429
DBD411,float64,numeric,0.8721916807016429
DBD895,float64,numeric,0.00483015030665099
DBD900,float64,numeric,0.24986494645524165
DBD905,float64,numeric,0.005116146048492167
DBD910,float64,numeric,0.005147923353141187
CBQ596,float64,numeric,0.17324986494645525
CBQ606,float64,numeric,0.8325018271950173
CBQ611,float64,numeric,0.8325018271950173
DBQ930,float64,numeric,0.17324986494645525
DBQ935,float64,numeric,0.17324986494645525
DBQ940,float64,numeric,0.17324986494645525
DBQ945,float64,numeric,0.17324986494645525
PAQ605,float64,numeric,0.19158536972893958
PAQ610,float64,numeric,0.8318027264927389
PAD615,float64,numeric,0.8328513775461566
PAQ620,float64,numeric,0.19158536972893958
PAQ625,float64,numeric,0.681750293940068
PAD630,float64,numeric,0.683402713781817
PAQ635,float64,numeric,0.19158536972893958
PAQ640,float64,numeric,0.8468969462010232
PAD645,float64,numeric,0.8478184880358448
PAQ650,float64,numeric,0.19158536972893958
PAQ655,float64,numeric,0.8751151927293527
PAD660,float64,numeric,0.8752423019479487
PAQ665,float64,numeric,0.19158536972893958
PAQ670,float64,numeric,0.726905843846325
PAD675,float64,numeric,0.7275731672439544
PAD680,float64,numeric,0.1933966760939337
SLQ300,object,categorical,0.17324986494645525
SLQ310,object,categorical,0.17324986494645525
SLD012,float64,numeric,0.18395881661317487
SLQ320,object,categorical,0.17324986494645525
SLQ330,object,categorical,0.17324986494645525
SLD013,float64,numeric,0.18275127903651212
SLQ030,float64,numeric,0.17324986494645525
SLQ040,float64,numeric,0.17324986494645525
SLQ050,float64,numeric,0.17324986494645525
SLQ120,float64,numeric,0.17324986494645525
ALQ111,float64,numeric,0.30007308780069275
ALQ121,float64,numeric,0.3644856843242556
ALQ130,float64,numeric,0.5612825320156344
ALQ142,float64,numeric,0.5612825320156344
ALQ270,float64,numeric,0.844958530617433
ALQ280,float64,numeric,0.844958530617433
ALQ151,float64,numeric,0.3645492389335537
ALQ170,float64,numeric,0.5607105405319521
SMQ020,float64,numeric,0.19158536972893958
SMD030,float64,numeric,0.6183545711652738
SMQ040,float64,numeric,0.6183545711652738
SMQ050Q,float64,numeric,0.7515968095586132
SMQ050U,float64,numeric,0.7727287171502113
SMD057,float64,numeric,0.7515968095586132
SMQ078,float64,numeric,0.8952937811814802
SMD641,float64,numeric,0.8637389176650037
SMD650,float64,numeric,0.8670755346531507
SMD100FL,float64,numeric,0.8732085544504116
SMD100MN,float64,numeric,0.8732085544504116
SMQ670,float64,numeric,0.8657091105532428
SMAQUEX2,float64,numeric,0.13686485112332772
HIQ011,float64,numeric,0.0
HIQ032A,float64,numeric,0.5517493406209285
HIQ032B,float64,numeric,0.6144459626934443
HIQ032D,float64,numeric,0.7521052464329976
HIQ105,float64,numeric,0.7021831008293876
HIQ270,float64,numeric,0.07823572404588643
HIQ210,float64,numeric,0.07823572404588643
HUQ010,float64,numeric,0.0
HUQ030,float64,numeric,0.0
HUQ051,float64,numeric,0.0
HUQ071,float64,numeric,0.0
HUQ090,float64,numeric,0.03965807620197655
